Country Name,Country Code,Series Name,Series Code,2000 [YR2000],2001 [YR2001],2002 [YR2002],2003 [YR2003],2004 [YR2004],2005 [YR2005],2006 [YR2006],2007 [YR2007],2008 [YR2008],2009 [YR2009],2010 [YR2010],2011 [YR2011],2012 [YR2012],2013 [YR2013],2014 [YR2014],2015 [YR2015],2016 [YR2016],2017 [YR2017],2018 [YR2018],2019 [YR2019]
Afghanistan,AFG,CO2 emissions (metric tons per capita),EN.ATM.CO2E.PC,0.036573704,0.03378536,0.045573659,0.051518377,0.041655394,0.060418781,0.066583291,0.065312346,0.128416559,0.171862421,0.243614036,0.29650624,0.259295334,0.18562366,0.146235617,0.172896741,0.149789334,0.131694556,0.1632953,0.159824372
Albania,ALB,CO2 emissions (metric tons per capita),EN.ATM.CO2E.PC,1.026213109,1.055495882,1.232378783,1.338984981,1.404058688,1.338209399,1.339995739,1.39393137,1.384311249,1.441493562,1.527623663,1.66942319,1.50324046,1.533630039,1.668337371,1.60377515,1.557664358,1.788786074,1.782738948,1.69224832
Algeria,DZA,CO2 emissions (metric tons per capita),EN.ATM.CO2E.PC,2.578744484,2.50067461,2.586712195,2.733373662,2.737354064,2.841351373,2.966914681,3.007289846,3.102451083,3.174573294,3.173654529,3.294742583,3.609307651,3.644979345,3.795632251,3.933495912,3.820090337,3.825637988,3.920109085,3.977650459
Andorra,AND,CO2 emissions (metric tons per capita),EN.ATM.CO2E.PC,7.952286282,7.721549062,7.566239884,7.24241557,7.344262326,7.353780012,6.790542773,6.53104692,6.439303857,6.156687476,6.157197775,5.850886105,5.944654173,5.942800412,5.807127723,6.026181822,6.080600282,6.104133912,6.362975399,6.481217432
Angola,AGO,CO2 emissions (metric tons per capita),EN.ATM.CO2E.PC,0.988077383,0.941828905,0.895577672,0.924869437,0.930262948,0.813539291,0.821840076,0.811753508,0.888658009,0.939403983,0.976184198,0.985522312,0.950695879,1.036293852,1.099779111,1.13504405,1.031811348,0.81330073,0.777674934,0.792137069
Antigua and Barbuda,ATG,CO2 emissions (metric tons per capita),EN.ATM.CO2E.PC,4.341705369,4.532974149,4.980969957,5.169522468,4.978406237,5.033021488,5.319470442,5.474300638,5.621003692,16.02434762,5.56628433,6.050420408,7.74276315,5.136050692,5.185713244,5.236665308,5.289885738,5.239717055,5.296940139,5.354476455
Argentina,ARG,CO2 emissions (metric tons per capita),EN.ATM.CO2E.PC,3.587392038,3.360371185,3.117424829,3.351723713,3.672973996,3.753639235,3.94249129,4.102629636,4.172388531,3.867569967,4.099689714,4.280989353,4.264223782,4.342115069,4.209095633,4.301913876,4.201845776,4.071308362,3.975771971,3.740650291
Armenia,ARM,CO2 emissions (metric tons per capita),EN.ATM.CO2E.PC,1.159761363,1.180062452,1.028353516,1.159732241,1.25303469,1.496010763,1.51776299,1.773161431,1.956930356,1.561583601,1.508351244,1.71734338,1.983192027,1.89812717,1.881607737,1.825292244,1.72675284,1.823560155,1.934451579,2.086060678
Australia,AUS,CO2 emissions (metric tons per capita),EN.ATM.CO2E.PC,17.7230721,17.80456395,17.9819247,17.72168373,18.17472687,18.14629201,18.14145349,18.52109701,18.30374802,18.22309955,17.59006927,17.29541584,17.02204223,16.44231571,15.83042152,15.863288,15.91465712,15.81831632,15.49352925,15.23826715
Austria,AUT,CO2 emissions (metric tons per capita),EN.ATM.CO2E.PC,7.929785513,8.444109161,8.583317475,9.168343908,9.2756141,9.26611356,8.961569195,8.587801761,8.49967402,7.721143982,8.365014901,8.135474381,7.723614487,7.753699576,7.260404228,7.317158873,7.288819983,7.486161583,7.133063919,7.293984252
Azerbaijan,AZE,CO2 emissions (metric tons per capita),EN.ATM.CO2E.PC,3.440349875,3.254758852,3.203641763,3.469717358,3.408174257,3.579663711,3.593590676,3.219791775,3.474678865,2.850039951,2.684902593,2.973918764,3.239102868,3.285616903,3.38119922,3.292452869,3.304019557,3.243341999,3.292832354,3.542397828
"Bahamas, The",BHS,CO2 emissions (metric tons per capita),EN.ATM.CO2E.PC,7.48209163,7.335981336,7.800895463,7.600847317,7.055658167,6.495345193,6.34379729,6.28358498,6.401303677,17.64874164,5.860211203,7.147167506,9.763986436,7.653297299,6.799325412,5.905932758,5.397924873,5.684363486,7.260751623,7.291661097
Bahrain,BHR,CO2 emissions (metric tons per capita),EN.ATM.CO2E.PC,23.8937121,23.49652355,23.42410876,23.03816133,21.60641891,23.26923202,23.46563028,22.20240095,22.21335064,20.8594387,20.92896507,20.35750059,20.90093256,21.93867997,22.66343283,22.29101801,21.25133118,20.42732768,19.63120569,20.26610279
Bangladesh,BGD,CO2 emissions (metric tons per capita),EN.ATM.CO2E.PC,0.169593942,0.198172464,0.207053129,0.212401957,0.222868797,0.235263641,0.254752395,0.266296791,0.288141386,0.306664813,0.342739986,0.364566595,0.384025166,0.396697028,0.413092687,0.461997426,0.470827565,0.496851847,0.517113005,0.556529455
Barbados,BRB,CO2 emissions (metric tons per capita),EN.ATM.CO2E.PC,4.567034116,4.807445302,5.010551434,5.030419439,4.940370507,5.138969156,5.297774677,5.310350587,6.358369012,16.43502256,5.4939016,6.219366934,7.472734688,5.065179206,4.458878192,4.451033309,4.513677359,4.122573001,4.325983846,4.355082032
Belarus,BLR,CO2 emissions (metric tons per capita),EN.ATM.CO2E.PC,5.304816521,5.225335545,5.254649833,5.379335611,5.759420354,5.875465459,6.15517613,6.029733806,6.352864617,6.03919199,6.50264283,6.18814293,6.344981391,6.352712195,6.29728587,5.79426692,5.822979457,5.92135146,6.245507315,6.122237765
Belgium,BEL,CO2 emissions (metric tons per capita),EN.ATM.CO2E.PC,11.43958054,11.50432068,10.72798848,11.13131453,10.94122423,10.55578237,10.30057207,9.843115874,9.984152183,9.231701273,9.794792242,8.740505152,8.577525877,8.655477512,8.041711215,8.437851999,8.314931808,8.151095679,8.196338589,8.095583954
Belize,BLZ,CO2 emissions (metric tons per capita),EN.ATM.CO2E.PC,1.819578666,2.077877272,1.981805428,1.892898995,1.591227985,1.656107509,1.750544009,1.772391396,1.62960935,4.640002664,1.736622587,2.028852144,1.982242705,1.330606578,1.358364951,1.884042732,1.764391261,1.703146792,1.644603729,1.639550009
Benin,BEN,CO2 emissions (metric tons per capita),EN.ATM.CO2E.PC,0.206817822,0.245876343,0.298818443,0.324444105,0.341935364,0.363307326,0.422300744,0.473104595,0.46223287,0.494146663,0.525042566,0.491500279,0.456355652,0.467785082,0.50452817,0.520992816,0.619937007,0.614754528,0.646058116,0.618583746
Bhutan,BTN,CO2 emissions (metric tons per capita),EN.ATM.CO2E.PC,0.355321532,0.381019907,0.389594569,0.414118231,0.453969796,0.493260813,0.486763075,0.481294913,0.446687163,0.471747475,0.583513988,0.851006097,0.912224067,0.94334976,0.973502632,1.057859388,1.262376046,1.301030267,1.391841887,1.375977209
Bolivia,BOL,CO2 emissions (metric tons per capita),EN.ATM.CO2E.PC,0.975259762,0.938201757,0.949350243,1.019557988,1.046416775,1.088569382,1.195259486,1.26380481,1.348563251,1.416317393,1.509663496,1.626366425,1.678603032,1.777588045,1.90631555,1.909890716,1.995137361,2.032547019,2.046129929,1.940398005
Bosnia and Herzegovina,BIH,CO2 emissions (metric tons per capita),EN.ATM.CO2E.PC,3.721499604,3.663945867,3.872969895,3.952496648,4.136343582,4.310376759,4.756438946,5.02020957,5.529716828,5.511323147,5.624105757,6.484260583,6.091586588,6.167789961,5.597187383,5.721181036,6.597243083,6.767050642,6.799182648,6.382918043
Botswana,BWA,CO2 emissions (metric tons per capita),EN.ATM.CO2E.PC,2.452333155,2.310897524,2.36413982,2.260164586,2.248612758,2.378997792,2.22777692,2.303437439,2.291667032,2.144873704,1.695933627,1.925170469,1.67193666,2.627813846,3.346708888,3.277194971,3.069551079,3.32414843,3.243026912,3.147107071
Brazil,BRA,CO2 emissions (metric tons per capita),EN.ATM.CO2E.PC,1.794549984,1.802410371,1.769880772,1.709539024,1.785371856,1.782061764,1.783625001,1.854305856,1.945681928,1.805179788,2.03322568,2.117869375,2.279272333,2.421656961,2.523232137,2.373628508,2.168574696,2.196418173,2.071854677,2.057810839
Brunei Darussalam,BRN,CO2 emissions (metric tons per capita),EN.ATM.CO2E.PC,14.16711189,13.85143381,13.32268255,15.62433655,14.18897462,13.66703853,20.30994264,19.04167531,20.847719,20.50002315,18.44923521,18.61885184,18.29587739,17.82826519,17.27764771,15.42488346,16.60349981,17.17391347,17.5773964,16.13215855
Bulgaria,BGR,CO2 emissions (metric tons per capita),EN.ATM.CO2E.PC,5.3144536,5.767159578,5.56323884,6.164371004,6.125548534,6.265854174,6.439923574,6.971191811,6.678624427,5.764030949,6.049544016,6.755278124,6.16215311,5.458963808,5.820924714,6.207865317,5.834881981,6.20129024,5.82203361,5.61085728
Burkina Faso,BFA,CO2 emissions (metric tons per capita),EN.ATM.CO2E.PC,0.080978977,0.08120832,0.078092606,0.082183395,0.081347129,0.078975196,0.089665522,0.098933279,0.115727153,0.114258558,0.146745851,0.15296686,0.177415687,0.183332656,0.180825362,0.204300066,0.198430258,0.222474208,0.23643815,0.246046246
Burundi,BDI,CO2 emissions (metric tons per capita),EN.ATM.CO2E.PC,0.040759564,0.030648776,0.03132403,0.023157659,0.02103289,0.020366995,0.023659773,0.02289428,0.022150837,0.021434541,0.034579718,0.040185722,0.04001734,0.040879208,0.038601013,0.039369948,0.0419527,0.048951647,0.061742872,0.062442671
Cabo Verde,CPV,CO2 emissions (metric tons per capita),EN.ATM.CO2E.PC,0.513805006,0.550836468,0.632118389,0.689003728,0.722703201,0.950254188,1.065709517,0.968284491,0.998240579,1.047944468,1.096126252,1.142609706,1.04900428,0.996599817,0.964736936,0.952852841,1.035508551,1.097676412,1.121810223,1.181955675
Cambodia,KHM,CO2 emissions (metric tons per capita),EN.ATM.CO2E.PC,0.161247317,0.173311469,0.174873333,0.185125113,0.182145538,0.200401487,0.219621964,0.267544785,0.292426404,0.337032292,0.35913403,0.368602225,0.383614744,0.381996121,0.455006519,0.543119905,0.70213092,0.792658643,0.897242084,0.98140655
Cameroon,CMR,CO2 emissions (metric tons per capita),EN.ATM.CO2E.PC,0.335826918,0.323939303,0.3136156,0.310103009,0.296651275,0.283081514,0.279306978,0.327277496,0.331901941,0.355231325,0.344620171,0.325737695,0.320219438,0.341980233,0.363726897,0.363115439,0.379494758,0.373279083,0.380310156,0.364424922
Canada,CAN,CO2 emissions (metric tons per capita),EN.ATM.CO2E.PC,16.75762643,16.33156895,16.72030149,17.20830161,16.79426996,17.02748527,16.5953499,17.38057011,16.55692294,15.50214503,15.79214123,15.9959443,15.73447396,15.83846027,15.84990541,15.64858561,15.42060171,15.54457104,15.65057904,15.43061283
Central African Republic,CAF,CO2 emissions (metric tons per capita),EN.ATM.CO2E.PC,0.065926441,0.0671679,0.065752635,0.059260253,0.058082525,0.05447729,0.055851339,0.057170025,0.039781269,0.039191973,0.038752931,0.042999665,0.045081487,0.02697875,0.029120747,0.042286394,0.046279124,0.047867471,0.049288796,0.050577648
Chad,TCD,CO2 emissions (metric tons per capita),EN.ATM.CO2E.PC,0.034707038,0.039179313,0.044349704,0.048005565,0.046226095,0.047540614,0.048770588,0.046219132,0.048285038,0.068338263,0.103747164,0.088989667,0.145485857,0.165652672,0.165403428,0.169371768,0.151768434,0.143173358,0.141493648,0.141093412
Chile,CHL,CO2 emissions (metric tons per capita),EN.ATM.CO2E.PC,3.286328366,3.121271618,3.131771583,3.167262617,3.432413196,3.458629046,3.494449666,3.906183578,4.069245883,3.875949531,4.087904661,4.437266283,4.506229076,4.723555077,4.311060938,4.576124117,4.749830077,4.714019984,4.624338351,4.821118299
China,CHN,CO2 emissions (metric tons per capita),EN.ATM.CO2E.PC,2.650412428,2.774761175,2.975679521,3.427437253,3.954107458,4.46770003,4.910276132,5.306366015,5.435075622,5.798318754,6.335417691,6.901344429,7.046182675,7.324147115,7.294235506,7.146449357,7.115385005,7.230985031,7.487331894,7.605936961
Colombia,COL,CO2 emissions (metric tons per capita),EN.ATM.CO2E.PC,1.472118383,1.464131171,1.388856179,1.352573854,1.333540814,1.351537304,1.335388783,1.353071942,1.350808645,1.385696614,1.405488898,1.51326854,1.512727212,1.653063497,1.686264961,1.688318124,1.716241161,1.533229136,1.582527692,1.609870831
Comoros,COM,CO2 emissions (metric tons per capita),EN.ATM.CO2E.PC,0.184380059,0.197879096,0.19315867,0.24004952,0.25115953,0.245248324,0.271380387,0.17143997,0.167369873,0.20794622,0.246485411,0.212290796,0.221035685,0.256233552,0.223863893,0.244393419,0.276521906,0.344026836,0.360437441,0.376076363
"Congo, Dem. Rep.",COD,CO2 emissions (metric tons per capita),EN.ATM.CO2E.PC,0.034602936,0.032418904,0.033084915,0.038891149,0.036556273,0.040338851,0.040298316,0.042255675,0.042210719,0.040032941,0.04104464,0.045239954,0.041002162,0.055494204,0.069678432,0.042363694,0.030714898,0.035012815,0.037112771,0.036985586
"Congo, Rep.",COG,CO2 emissions (metric tons per capita),EN.ATM.CO2E.PC,1.390922869,1.317617226,0.833742146,0.948071795,1.002715302,1.189695728,1.276319812,1.070657483,1.086878789,1.167559259,1.268210657,1.224162351,1.166246226,1.152991586,1.095638253,1.165546016,1.104196831,1.058563169,1.237519175,1.349316017
Costa Rica,CRI,CO2 emissions (metric tons per capita),EN.ATM.CO2E.PC,1.249252657,1.343554927,1.346038764,1.392873768,1.405865264,1.463071784,1.509635072,1.725458621,1.684918829,1.592659919,1.553293393,1.603682692,1.589162765,1.640619591,1.63281817,1.55534308,1.64920306,1.668702085,1.674186481,1.632471558
Cote d'Ivoire,CIV,CO2 emissions (metric tons per capita),EN.ATM.CO2E.PC,0.394417144,0.385094025,0.396946561,0.301711176,0.304387853,0.320357185,0.303920338,0.29523374,0.330008281,0.300610999,0.309259106,0.291031488,0.373134534,0.393435075,0.406222759,0.422368807,0.402556792,0.432123221,0.406474439,0.421129515
Croatia,HRV,CO2 emissions (metric tons per capita),EN.ATM.CO2E.PC,4.037327826,4.465488057,4.713895971,5.021612128,4.901733118,4.976630894,5.012573327,5.308317229,5.042108344,4.717571565,4.530399209,4.445615774,4.079616457,3.997002654,3.831644469,3.948992432,4.043744105,4.221085948,4.019234669,4.063707833
Cuba,CUB,CO2 emissions (metric tons per capita),EN.ATM.CO2E.PC,2.547988693,2.460438619,2.358999348,2.282445178,2.25414834,2.337148577,2.37806834,2.460200201,2.380533907,2.40319712,2.504045857,2.455353561,2.548611094,2.558779773,2.3605037,2.579300156,2.396977609,2.314084988,2.355764257,2.286146065
Cyprus,CYP,CO2 emissions (metric tons per capita),EN.ATM.CO2E.PC,7.55866713,7.279172403,7.339032677,7.880736103,7.699844825,7.687389951,7.651782674,7.812294746,7.849714277,7.540372167,7.100376945,6.783205135,6.255253007,5.621287658,5.909934629,5.900152116,6.169943308,6.238953732,6.054174614,5.998795283
Czechia,CZE,CO2 emissions (metric tons per capita),EN.ATM.CO2E.PC,12.01065269,12.01181802,11.6241027,12.04336087,12.10540157,11.750804,11.77860313,12.00330783,11.39282817,10.64445418,10.71659406,10.4010178,10.09153928,9.620257259,9.264302843,9.400668002,9.627750042,9.611647341,9.492068199,9.022786158
Denmark,DNK,CO2 emissions (metric tons per capita),EN.ATM.CO2E.PC,9.850895645,10.12356724,10.01500952,10.98769807,9.941672844,9.262963492,10.69102319,9.779475634,9.125129139,8.678105357,8.673891232,7.73708669,6.835287325,7.116737849,6.347153074,5.929462754,6.166190299,5.746767737,5.718343553,5.107988509
Djibouti,DJI,CO2 emissions (metric tons per capita),EN.ATM.CO2E.PC,0.515624107,0.518404025,0.535513237,0.539730051,0.518403997,0.548995985,0.54118412,0.583520389,0.575725689,0.567756274,0.618904659,0.562277492,0.575946626,0.633989062,0.445083888,0.503283386,0.452042086,0.444868114,0.417134646,0.431407701
Dominica,DMA,CO2 emissions (metric tons per capita),EN.ATM.CO2E.PC,1.866475233,2.152976131,1.71821302,1.997089963,2.273146979,2.266931091,2.403914163,2.542480715,2.541332041,7.05736224,2.539610976,2.538357502,3.523409533,2.393725648,2.531966172,2.528977972,2.524296453,2.378953286,2.373439837,2.367424267
Dominican Republic,DOM,CO2 emissions (metric tons per capita),EN.ATM.CO2E.PC,2.20390761,2.207336335,2.393130244,2.116308325,1.925467548,2.054464358,2.209643748,2.209049927,2.175917533,2.052891491,2.133032567,2.130799267,2.183081632,2.118782053,2.110144291,2.294373257,2.364937465,2.240059982,2.381636338,2.535627952
Ecuador,ECU,CO2 emissions (metric tons per capita),EN.ATM.CO2E.PC,1.738804994,1.877711066,1.838936694,1.844472234,1.925511132,2.041105738,2.143053343,2.14317376,2.1801436,2.335118311,2.481494711,2.433762684,2.396908547,2.52745943,2.620388632,2.56106243,2.414027127,2.29664472,2.349517438,2.261469817
"Egypt, Arab Rep.",EGY,CO2 emissions (metric tons per capita),EN.ATM.CO2E.PC,1.665079192,1.806061187,1.810728443,1.826542965,1.948172596,2.147938562,2.22117664,2.34430544,2.38509982,2.436192983,2.42033575,2.434305307,2.487785551,2.419103472,2.423232509,2.44779056,2.448249515,2.511649632,2.518806451,2.484059911
El Salvador,SLV,CO2 emissions (metric tons per capita),EN.ATM.CO2E.PC,0.956193433,0.990382826,0.996286745,1.086072535,1.108934347,1.13018176,1.190907939,1.24962947,1.126918203,1.084824479,1.057588947,1.091687798,1.085297312,1.030948242,1.046841993,1.106698196,1.128043665,0.998728283,1.060625402,1.208637136
Equatorial Guinea,GNQ,CO2 emissions (metric tons per capita),EN.ATM.CO2E.PC,3.662278531,5.382625518,7.032327616,7.29608142,8.647755711,11.10033354,11.94400452,10.39326453,11.36100912,10.76987412,10.54427516,10.12300595,9.522968776,8.528333301,7.048195802,5.622232353,5.480664895,4.595850574,4.912274137,3.945480032
Eritrea,ERI,CO2 emissions (metric tons per capita),EN.ATM.CO2E.PC,0.279181805,0.29477147,0.274076516,0.265285439,0.250017559,0.212265186,0.17819148,0.17019629,0.146925243,0.150644888,0.157706966,0.177350806,0.190763128,0.195035548,0.196288983,0.194446714,0.195465331,0.210964662,0.246177237,0.251635846
Estonia,EST,CO2 emissions (metric tons per capita),EN.ATM.CO2E.PC,10.68014331,11.07977365,10.83843826,12.35846893,12.49128506,12.71797866,11.86507343,14.90288476,13.76122746,11.27750545,14.26988866,13.68801133,12.7693736,14.65860673,13.64730803,11.81383402,12.15239497,12.68422805,11.58870366,7.672277909
Eswatini,SWZ,CO2 emissions (metric tons per capita),EN.ATM.CO2E.PC,0.68627217,0.601810562,0.60840741,0.615958603,0.613863369,0.640419209,0.627355577,0.633001864,0.600029711,0.66196231,0.610419749,0.615655011,0.630046751,0.690072071,0.684917746,0.697439745,0.754043535,0.791246138,0.800863195,0.836140045
Ethiopia,ETH,CO2 emissions (metric tons per capita),EN.ATM.CO2E.PC,0.053756289,0.064554538,0.065153465,0.069557428,0.071794656,0.066145963,0.068799271,0.073877268,0.078271761,0.076612691,0.073824767,0.083647726,0.091451262,0.105676114,0.125797367,0.127832027,0.144493245,0.148684311,0.157840173,0.163813429
Fiji,FJI,CO2 emissions (metric tons per capita),EN.ATM.CO2E.PC,0.998753408,1.277762147,1.079414216,1.28664166,1.797364878,1.570095596,1.66693039,1.50684357,1.147445607,1.136315747,1.349125821,1.285539092,1.19066194,1.305449843,1.488838858,1.588704993,1.742308032,1.880427571,1.844955795,1.831553275
Finland,FIN,CO2 emissions (metric tons per capita),EN.ATM.CO2E.PC,10.64485611,11.77523242,12.1985969,13.75595751,12.94525129,10.57167065,12.72627915,12.30921631,10.6636072,10.14821304,11.65875348,10.22962444,9.126387978,9.22784648,8.451871908,7.814537356,8.316193077,7.810154155,8.082639791,7.372854761
France,FRA,CO2 emissions (metric tons per capita),EN.ATM.CO2E.PC,6.125507901,6.1399245,6.003048171,6.052063904,6.024888047,6.025069386,5.840018106,5.667781492,5.561011371,5.312096451,5.348198409,5.128951791,5.154142128,5.12979914,4.616052854,4.677807228,4.70474678,4.749542598,4.575874163,4.468770089
Gabon,GAB,CO2 emissions (metric tons per capita),EN.ATM.CO2E.PC,4.949693046,4.952273753,4.62621577,4.878987517,4.498488798,4.357987805,3.803812803,3.354690664,3.470443269,3.314371184,3.546479337,3.431022623,3.200590683,3.186448492,3.163816156,3.142183759,3.197399088,2.581348773,2.415920485,2.416484011
"Gambia, The",GMB,CO2 emissions (metric tons per capita),EN.ATM.CO2E.PC,0.182134433,0.227929445,0.213635204,0.206907262,0.213828841,0.213765883,0.226209665,0.250023476,0.254545114,0.281564377,0.245371539,0.243487777,0.241467286,0.224065899,0.25691229,0.254091824,0.246610947,0.243913466,0.241218342,0.247050718
Georgia,GEO,CO2 emissions (metric tons per capita),EN.ATM.CO2E.PC,1.169940333,0.876849261,0.743996199,0.799648581,0.858087124,1.086491596,1.211231833,1.458489553,1.25764955,1.473356725,1.404919111,1.735685448,1.928196034,2.108848922,2.277240519,2.469615623,2.588862958,2.609975618,2.568059536,2.717624226
Germany,DEU,CO2 emissions (metric tons per capita),EN.ATM.CO2E.PC,10.09931602,10.29363415,10.10298472,10.13870882,9.950402591,9.729424378,9.886441614,9.527586652,9.617453045,8.97178632,9.453399722,9.299036295,9.451317705,9.62420735,9.088506897,9.087290909,9.073006686,8.858293847,8.536196091,7.911621016
Ghana,GHA,CO2 emissions (metric tons per capita),EN.ATM.CO2E.PC,0.297735601,0.314320105,0.366979247,0.344091272,0.31402298,0.322718935,0.380266256,0.397144284,0.367512374,0.414133624,0.451580867,0.462822311,0.561999712,0.587425248,0.554280565,0.566623028,0.564217035,0.584105258,0.627538298,0.658823541
Greece,GRC,CO2 emissions (metric tons per capita),EN.ATM.CO2E.PC,8.741595261,8.894202354,8.860741473,9.17087841,9.113529104,9.278882623,9.137630592,9.441123453,9.064040878,8.529742762,7.874949777,7.61375705,7.251237354,6.609996229,6.385178661,6.28506954,6.203617147,6.211250289,6.0580184,5.59618907
Grenada,GRD,CO2 emissions (metric tons per capita),EN.ATM.CO2E.PC,2.042066571,2.227775518,2.315797548,2.403776814,2.20420528,2.388732825,2.477653381,2.662027145,2.749935914,7.656895482,2.730002651,2.903002289,3.81565719,2.958251607,2.295684114,2.463436318,2.539383122,2.615581576,2.871268408,2.946376075
Guatemala,GTM,CO2 emissions (metric tons per capita),EN.ATM.CO2E.PC,0.81278639,0.826344294,0.861904487,0.848950174,0.847650879,0.890464915,0.871846874,0.920826905,0.818091212,0.846417112,0.802261619,0.808455576,0.821948809,0.864132971,0.911388463,1.049628082,1.105025419,1.029997461,1.120698338,1.162970924
Guinea,GIN,CO2 emissions (metric tons per capita),EN.ATM.CO2E.PC,0.180809115,0.186525449,0.189842229,0.194216978,0.198303128,0.200887312,0.204138179,0.208023423,0.206391015,0.21275591,0.245286381,0.251428453,0.23281943,0.200131818,0.200879386,0.222181476,0.240236469,0.276776092,0.302071193,0.309288541
Guinea-Bissau,GNB,CO2 emissions (metric tons per capita),EN.ATM.CO2E.PC,0.12486421,0.122238928,0.119573939,0.148056138,0.152265871,0.156141834,0.159700111,0.162942027,0.152045425,0.154994881,0.157624801,0.153551253,0.155765084,0.151675192,0.159533648,0.16117826,0.173919484,0.169570703,0.170730038,0.171792958
Guyana,GUY,CO2 emissions (metric tons per capita),EN.ATM.CO2E.PC,2.22306145,2.200733757,2.175112689,2.174082262,2.239395333,1.983499455,1.782041634,2.156797884,2.142431558,2.179966238,2.348451477,2.433416853,2.647645978,2.607730233,2.698556721,2.710334223,3.215088122,3.186200564,3.324745367,3.640892855
Haiti,HTI,CO2 emissions (metric tons per capita),EN.ATM.CO2E.PC,0.173680812,0.185856117,0.209043763,0.203368312,0.184589899,0.184877283,0.184059902,0.215895462,0.210437489,0.203101721,0.247253132,0.267318268,0.236076333,0.254791238,0.286282868,0.30666988,0.309963776,0.303213317,0.295778642,0.294768414
Honduras,HND,CO2 emissions (metric tons per capita),EN.ATM.CO2E.PC,0.758991925,0.859015935,0.878880862,0.947043924,1.038040468,0.934443841,1.043973254,1.093677158,1.076312315,0.990089255,0.983472529,1.038833066,1.06935877,1.064951336,1.056324782,1.089663658,1.021487509,0.98207493,1.048237401,1.048622992
Hungary,HUN,CO2 emissions (metric tons per capita),EN.ATM.CO2E.PC,5.350127818,5.524375965,5.473190665,5.74457771,5.575263133,5.543733303,5.506698601,5.355128938,5.280833386,4.773188743,4.787989094,4.704300453,4.377864468,4.120050589,4.11798843,4.407180501,4.50885432,4.744601547,4.746529359,4.74663103
Iceland,ISL,CO2 emissions (metric tons per capita),EN.ATM.CO2E.PC,7.930157714,7.579798434,7.790681127,7.702377441,7.94319225,7.717349417,7.669973612,7.638831305,6.868002252,6.624824238,6.162727567,5.924504836,5.799523611,6.269999047,6.261721492,6.227045154,4.859303764,4.863133247,4.819673475,4.548442258
India,IND,CO2 emissions (metric tons per capita),EN.ATM.CO2E.PC,0.887641212,0.887013876,0.901339542,0.910255466,0.961090201,0.99029291,1.042663453,1.129757683,1.18632121,1.285083612,1.344896147,1.405068333,1.508508252,1.539947839,1.657231271,1.647151914,1.657396308,1.733360844,1.8126965,1.797620119
Indonesia,IDN,CO2 emissions (metric tons per capita),EN.ATM.CO2E.PC,1.326863641,1.408681788,1.40616085,1.515549968,1.528266442,1.512001407,1.589363176,1.635120972,1.597402667,1.638919951,1.718201745,1.939122786,1.938042616,1.778914016,1.896733638,1.890795841,1.844764783,1.954725536,2.15559759,2.290397148
"Iran, Islamic Rep.",IRN,CO2 emissions (metric tons per capita),EN.ATM.CO2E.PC,5.187936248,5.32843848,5.49708091,5.721566758,6.057320614,6.461795522,6.862471364,7.207252776,7.25243453,7.436286869,7.336652683,7.396667663,7.40165311,7.631864943,7.81441898,7.633623871,7.631719002,7.764841864,7.792523264,7.598364845
Iraq,IRQ,CO2 emissions (metric tons per capita),EN.ATM.CO2E.PC,3.729318782,4.029629987,3.656356845,3.169490116,3.348428329,3.162065041,3.022428749,2.746205329,3.105080315,3.251285214,3.649723858,3.679052199,4.045153699,4.195185035,3.895158431,3.743646439,3.884936915,4.129653375,4.244982955,4.440624129
Ireland,IRL,CO2 emissions (metric tons per capita),EN.ATM.CO2E.PC,11.17688705,11.5926495,11.17258201,11.0320952,10.97963685,11.21417451,11.05861518,10.5388979,10.19702642,8.943031474,8.813296615,8.008586809,8.072558903,7.723057986,7.628162753,7.881824817,8.163462657,7.858737173,7.737323783,7.245143221
Israel,ISR,CO2 emissions (metric tons per capita),EN.ATM.CO2E.PC,9.063444109,8.999844696,9.296803932,9.406998865,9.275958268,8.803624525,9.120036553,9.275636617,9.127353202,8.780859698,9.250222551,8.990702786,9.615068271,8.313170792,7.877600353,7.892507176,7.603557613,7.529868203,6.87621041,6.919593718
Italy,ITA,CO2 emissions (metric tons per capita),EN.ATM.CO2E.PC,7.662168039,7.662604587,7.77212967,8.064459636,8.18925745,8.173783064,8.025766415,7.860767964,7.564248487,6.71897022,6.836836177,6.680594198,6.327708948,5.751905744,5.38747546,5.563259469,5.498165145,5.437857589,5.37687093,5.311315442
Jamaica,JAM,CO2 emissions (metric tons per capita),EN.ATM.CO2E.PC,3.78950826,3.768638497,3.806386039,3.908559691,3.878874772,3.854014752,4.378426925,4.342126485,3.458106721,2.818474209,2.661482239,2.664607715,2.448869311,2.588580197,2.500750419,2.452418296,2.604738412,2.471884805,2.933707295,2.845730012
Japan,JPN,CO2 emissions (metric tons per capita),EN.ATM.CO2E.PC,9.323415561,9.204791229,9.467613289,9.51275428,9.469634517,9.49198928,9.303737228,9.570784184,9.044142107,8.598248928,9.030061533,9.493010565,9.822297325,9.908431318,9.562839774,9.276629423,9.189697811,9.098304984,8.801681435,8.540980205
Jordan,JOR,CO2 emissions (metric tons per capita),EN.ATM.CO2E.PC,3.176186604,3.114621124,3.172535294,3.18547751,3.329605285,3.44627904,3.366409389,3.371546348,3.051945799,2.997131378,2.781778794,2.709171986,2.98147233,2.79375767,2.864728014,2.731322514,2.597786972,2.672228405,2.486623181,2.438204112
Kazakhstan,KAZ,CO2 emissions (metric tons per capita),EN.ATM.CO2E.PC,8.072629613,7.903981166,8.820274326,9.802120407,10.52622175,11.17116807,12.1047148,12.81242182,15.34074602,13.27361979,14.07314044,14.82436446,14.56638251,15.26278838,12.10241477,10.87226272,11.36053552,11.89614517,11.8513159,11.45693783
Kenya,KEN,CO2 emissions (metric tons per capita),EN.ATM.CO2E.PC,0.260288294,0.231669148,0.219840481,0.188299589,0.208781937,0.227167866,0.247018262,0.242081741,0.24904513,0.286295484,0.300732682,0.301772158,0.273997499,0.309754058,0.324410689,0.359452718,0.389590299,0.377928444,0.340321563,0.423783898
Kiribati,KIR,CO2 emissions (metric tons per capita),EN.ATM.CO2E.PC,0.355429181,0.349471134,0.458148155,0.450247626,0.552498406,0.758240452,0.74198917,0.621561971,0.607533401,0.594483183,0.485767033,0.477395338,0.564127142,0.556137428,0.548511237,0.540896253,0.622061871,0.788415579,0.776920319,0.765254095
"Korea, Dem. People's Rep.",PRK,CO2 emissions (metric tons per capita),EN.ATM.CO2E.PC,3.132267246,3.215754891,3.050628348,3.089739908,3.13153895,3.245877438,3.28166461,2.713291792,2.995868919,2.266220325,2.10274697,1.503644026,1.551572969,1.108325444,1.246318841,0.996671213,1.185411613,2.134895546,1.977721253,2.18341993
"Korea, Rep.",KOR,CO2 emissions (metric tons per capita),EN.ATM.CO2E.PC,9.714493739,9.954155954,9.717757697,9.723895501,10.10575182,9.982450603,10.07157738,10.34618659,10.49685145,10.68065582,11.60791602,11.98478721,11.9586009,11.89000868,11.58874374,11.91474367,12.02472517,12.20028602,12.22524582,11.79932538
Kuwait,KWT,CO2 emissions (metric tons per capita),EN.ATM.CO2E.PC,24.37017236,25.28915647,26.01321211,26.88716685,28.13454038,30.79469952,30.51404573,28.19459481,28.55410798,27.5253006,26.97965604,26.29058751,25.47440065,24.77326637,23.1838022,23.20895692,23.13702198,22.36876769,22.08921039,22.0224164
Kyrgyz Republic,KGZ,CO2 emissions (metric tons per capita),EN.ATM.CO2E.PC,0.95337253,0.802814908,0.995852243,1.108401275,1.089192302,1.026614534,1.019469602,1.228076796,1.411999216,1.255735372,1.165586722,1.38178651,1.794121918,1.639974843,1.663953395,1.724051177,1.595525916,1.521409491,1.779275005,1.556643256
Lao PDR,LAO,CO2 emissions (metric tons per capita),EN.ATM.CO2E.PC,0.169055324,0.184857098,0.202066285,0.20621736,0.2136979,0.219066618,0.280530097,0.291003292,0.339031816,0.413100752,0.460861368,0.478923877,0.50740729,0.635958995,0.653637811,1.317280722,2.293360853,2.739812211,2.741627996,2.609681834
Latvia,LVA,CO2 emissions (metric tons per capita),EN.ATM.CO2E.PC,2.927076514,3.149107682,3.181579866,3.317373005,3.367030096,3.443810739,3.696429298,3.876699912,3.724758973,3.436572194,4.061872255,3.835493313,3.721147063,3.701592882,3.651352159,3.701593036,3.648821173,3.665855177,4.042188179,3.955435862
Lebanon,LBN,CO2 emissions (metric tons per capita),EN.ATM.CO2E.PC,4.077783393,4.23202311,4.026584099,3.967297222,3.9130059,3.67756536,3.409835694,3.154794472,3.914165316,4.550151946,4.21153464,4.071493797,4.238282748,3.930312343,4.016900629,4.134596535,4.141917722,4.299515468,4.051370164,4.076894274
Lesotho,LSO,CO2 emissions (metric tons per capita),EN.ATM.CO2E.PC,0.191853129,0.196488939,0.201987158,0.20313572,0.214361955,0.215418454,0.216087681,0.221447602,0.23148964,0.266313577,0.275609793,0.284460517,0.307694142,0.30071067,0.298515066,0.315685529,0.332523549,0.334682897,0.346246108,0.362307409
Liberia,LBR,CO2 emissions (metric tons per capita),EN.ATM.CO2E.PC,0.150959453,0.152339529,0.148773753,0.155993308,0.178591134,0.208196483,0.207256313,0.184868989,0.149673095,0.143841627,0.187595232,0.211577212,0.229709292,0.216555329,0.2798481,0.281738701,0.307404651,0.272211611,0.23448965,0.23899343
Libya,LBY,CO2 emissions (metric tons per capita),EN.ATM.CO2E.PC,8.346564592,8.166078752,8.24248791,8.703781959,8.486622726,9.13838937,8.989490546,8.266404753,8.792257212,9.19467249,9.608454155,6.714752633,9.168355709,9.273220725,9.116574105,7.997426401,7.847927464,8.382057693,8.477868963,8.380729344
Liechtenstein,LIE,CO2 emissions (metric tons per capita),EN.ATM.CO2E.PC,6.629701061,6.260620696,6.49254829,6.7306568,6.677505637,6.624805697,6.576125923,5.679075531,6.202599419,5.878565446,5.278364196,4.958814489,5.189130073,5.143475842,4.298879508,4.270652514,3.983534881,4.232244318,3.692177873,3.945292108
Lithuania,LTU,CO2 emissions (metric tons per capita),EN.ATM.CO2E.PC,3.003255289,3.212499186,3.258722606,3.288228155,3.526720564,3.861517472,3.981762324,4.088145504,4.083507545,3.695956383,4.068083042,3.913325743,3.992940664,3.830693465,3.703492659,3.810789214,3.904845812,3.966902972,4.158422562,4.198076022
Luxembourg,LUX,CO2 emissions (metric tons per capita),EN.ATM.CO2E.PC,19.61952785,20.65568201,22.0093006,22.67342686,25.45323535,25.60420297,24.79704354,23.14617017,22.55192972,20.97299341,21.7574405,21.02838372,20.13387346,18.68006408,17.34616222,16.02867977,15.20582045,15.09216281,15.33020757,15.30642656
Madagascar,MDG,CO2 emissions (metric tons per capita),EN.ATM.CO2E.PC,0.104650238,0.102700134,0.06680536,0.089703541,0.092681049,0.093255492,0.086863187,0.08850687,0.089015683,0.082162021,0.088409221,0.100717581,0.122613506,0.127606246,0.127596996,0.135346585,0.127739729,0.135703195,0.12755921,0.152766255
Malawi,MWI,CO2 emissions (metric tons per capita),EN.ATM.CO2E.PC,0.063684264,0.05948215,0.058051867,0.062499047,0.062592276,0.06019349,0.060121661,0.062210458,0.069930583,0.069365009,0.061212099,0.062156976,0.061704298,0.061871473,0.052180694,0.055537956,0.065096398,0.067345051,0.076061492,0.077836684
Malaysia,MYS,CO2 emissions (metric tons per capita),EN.ATM.CO2E.PC,5.361673228,5.460347212,5.633584028,5.850077034,6.282887624,6.51677658,6.64454285,7.108435391,7.450065403,6.559572504,7.097979384,7.07620238,7.080248362,7.589690457,7.923564998,7.814088295,7.689838122,7.317875576,7.752148815,7.927126037
Maldives,MDV,CO2 emissions (metric tons per capita),EN.ATM.CO2E.PC,1.646408682,1.676510344,2.107517395,1.751018304,2.409522433,2.252787914,2.656577793,2.595682231,2.533134579,2.575051504,2.624887153,2.654450911,2.869866616,2.719012867,3.149294983,3.011558239,3.701328042,3.746993369,4.072103192,3.973956262
Mali,MLI,CO2 emissions (metric tons per capita),EN.ATM.CO2E.PC,0.128808907,0.142836826,0.12051418,0.11683518,0.119653221,0.129153365,0.143145185,0.151632184,0.147375805,0.172136787,0.18472556,0.201100982,0.194624453,0.19574642,0.199595937,0.209303734,0.259943425,0.279812002,0.286721356,0.29657102
Malta,MLT,CO2 emissions (metric tons per capita),EN.ATM.CO2E.PC,5.46032039,6.335426484,5.859044353,6.548213153,6.479459874,6.512577233,6.538237823,6.687581821,6.644209959,6.085187757,6.248371356,6.173907034,6.475758827,5.563811012,5.430805313,3.729892769,2.964713376,3.247870147,3.198316143,3.293245606
Marshall Islands,MHL,CO2 emissions (metric tons per capita),EN.ATM.CO2E.PC,1.970288056,2.139619926,2.291475659,2.057420731,2.386371893,2.533615661,2.510535293,2.497948125,2.314567447,2.488667685,2.483987165,2.476824015,2.468613355,2.459030801,2.623157336,2.611238875,3.118341166,3.100615079,3.081558706,3.061693238
Mauritania,MRT,CO2 emissions (metric tons per capita),EN.ATM.CO2E.PC,0.482849894,0.518057064,0.557935865,0.517998712,0.557966222,0.499305929,0.555929037,0.621387214,0.576414856,0.692519115,0.686852526,0.68359045,0.736532985,0.678454997,0.737745687,0.879815244,0.782989056,0.81492894,0.838005587,0.872793555
Mauritius,MUS,CO2 emissions (metric tons per capita),EN.ATM.CO2E.PC,2.047396815,2.148313908,2.16665648,2.266415026,2.268626679,2.409925014,2.674238776,2.742753963,2.789117802,2.741639064,2.927063408,2.906410475,2.970024269,3.034990528,3.132598572,3.136372847,3.197535651,3.297451534,3.264040403,3.294591006
Mexico,MEX,CO2 emissions (metric tons per capita),EN.ATM.CO2E.PC,3.83397972,3.777038684,3.79604559,3.925940997,3.962113262,4.077064206,4.167900165,4.187211587,4.146991471,3.986790881,4.056954882,4.134993377,4.147972825,4.003630132,3.840633659,3.870316544,3.837647208,3.779372436,3.58639514,3.521600048
"Micronesia, Fed. Sts.",FSM,CO2 emissions (metric tons per capita),EN.ATM.CO2E.PC,1.210371957,1.399645423,1.308081144,1.496697877,1.500600207,1.507513981,1.328600989,1.34045691,1.158871619,1.262491335,1.068832829,1.160003067,1.24394767,1.321727314,1.303004361,1.377587623,1.542439793,1.614914698,1.50923297,1.581569507
Moldova,MDA,CO2 emissions (metric tons per capita),EN.ATM.CO2E.PC,2.294971959,2.406374218,2.466926631,2.677168603,2.687255676,2.832301219,2.770741944,2.832852436,2.841737072,2.667275485,2.900589865,2.916254254,2.846693444,2.51163813,2.698682174,2.829393394,2.904891689,2.925422215,3.153369697,3.324610168
Mongolia,MNG,CO2 emissions (metric tons per capita),EN.ATM.CO2E.PC,3.754040286,3.707233528,3.92917514,3.771116497,3.829523873,4.377720656,4.853735335,5.019625678,4.928000758,5.101365454,5.261219125,5.677968414,6.067905096,6.377995554,6.163032906,5.769680109,5.944984219,6.288160891,6.79764812,7.153120086
Montenegro,MNE,CO2 emissions (metric tons per capita),EN.ATM.CO2E.PC,2.512604347,2.749473566,2.902457711,3.08688854,3.325980246,3.255944948,3.544571467,3.409782674,4.360024664,2.830368724,4.16513287,4.09625219,3.754425023,3.654176435,3.570222461,3.793242395,3.454908775,3.647330429,4.017826292,4.179875994
Morocco,MAR,CO2 emissions (metric tons per capita),EN.ATM.CO2E.PC,1.141917571,1.245265322,1.272120189,1.250718366,1.36110692,1.430937324,1.460816566,1.487308731,1.542007758,1.526820983,1.600327236,1.706431503,1.747192709,1.708106064,1.716465376,1.742749914,1.71723308,1.785209569,1.802987555,1.959872285
Mozambique,MOZ,CO2 emissions (metric tons per capita),EN.ATM.CO2E.PC,0.080736566,0.077379485,0.083670206,0.09828723,0.095929046,0.083439354,0.088234843,0.102891487,0.100553963,0.108758711,0.113889571,0.138501288,0.14801305,0.164314407,0.184887949,0.204126905,0.26158888,0.251666665,0.235625091,0.246986412
Myanmar,MMR,CO2 emissions (metric tons per capita),EN.ATM.CO2E.PC,0.202056101,0.176812683,0.173996307,0.217865792,0.209000441,0.218999293,0.20222694,0.20938514,0.158222646,0.149053636,0.160669313,0.17042352,0.232622809,0.262282625,0.325932191,0.361422537,0.412101397,0.60881351,0.613312795,0.679428523
Namibia,NAM,CO2 emissions (metric tons per capita),EN.ATM.CO2E.PC,1.081031081,1.348930479,1.150406836,1.208016751,1.247551478,1.305256713,1.283405301,1.305745823,1.443685051,1.451198166,1.477197645,1.544026991,1.608363844,1.696883716,1.737465854,1.814332366,1.751451675,1.777224301,1.727729453,1.691705428
Nauru,NRU,CO2 emissions (metric tons per capita),EN.ATM.CO2E.PC,8.708272859,7.828554653,7.919223739,7.007007037,7.066424419,7.108042272,5.08802287,4.062563387,4.048582905,4.022121579,3.996403148,3.972589046,3.946329825,4.898119195,4.859558824,5.783689865,5.72847037,6.618133714,5.619029655,5.574135884
Nepal,NPL,CO2 emissions (metric tons per capita),EN.ATM.CO2E.PC,0.13449675,0.142111305,0.1128384,0.120410447,0.110545761,0.123909964,0.100511426,0.101961197,0.112125361,0.144326283,0.171767827,0.192299009,0.222311476,0.226252797,0.264996837,0.266148113,0.38183016,0.451639097,0.540651882,0.470136453
Netherlands,NLD,CO2 emissions (metric tons per capita),EN.ATM.CO2E.PC,10.178636,10.41493988,10.36786976,10.49965052,10.57132609,10.28991121,10.01462043,10.04474769,10.04646055,9.708786357,10.29828126,9.511130441,9.398409929,9.348128895,8.881703067,9.292250246,9.309281866,9.092131413,8.783850008,8.437074627
New Zealand,NZL,CO2 emissions (metric tons per capita),EN.ATM.CO2E.PC,7.634082484,8.14843448,7.987843717,8.293603875,8.034250802,8.280316298,8.189552277,7.876793517,8.021502927,7.244456858,7.136782411,6.909215537,7.284317645,7.179036805,7.078489829,7.003080396,6.616321362,6.841033801,6.603273193,6.830414187
Nicaragua,NIC,CO2 emissions (metric tons per capita),EN.ATM.CO2E.PC,0.743690956,0.763793914,0.777878504,0.861659269,0.844372659,0.797986014,0.82520869,0.840777159,0.794009849,0.764071157,0.774374196,0.808058902,0.783949275,0.737324175,0.774899292,0.846826583,0.853430475,0.858282658,0.79034855,0.800549594
Niger,NER,CO2 emissions (metric tons per capita),EN.ATM.CO2E.PC,0.059126893,0.057014658,0.057424174,0.060088632,0.060186287,0.055781969,0.053026134,0.055837755,0.056390068,0.068168346,0.08321173,0.082384979,0.106208361,0.106461818,0.11174531,0.105491223,0.101497009,0.088416149,0.086887436,0.092232251
Nigeria,NGA,CO2 emissions (metric tons per capita),EN.ATM.CO2E.PC,0.795035466,0.813037008,0.717284684,0.765727934,0.729601662,0.710906213,0.622779937,0.554325672,0.578493505,0.498623213,0.568190395,0.583519875,0.570117077,0.629519877,0.650945533,0.594907347,0.595987612,0.56844006,0.561021958,0.573636206
North Macedonia,MKD,CO2 emissions (metric tons per capita),EN.ATM.CO2E.PC,4.323043897,4.383546564,4.143242276,4.509631983,4.349229415,4.531495635,4.519102898,4.746620875,4.631398117,4.325413431,4.204371545,4.624639348,4.390978645,3.943737473,3.724356864,3.579319286,3.522333131,3.755118077,3.51601022,3.996737213
Norway,NOR,CO2 emissions (metric tons per capita),EN.ATM.CO2E.PC,7.635326646,7.692050359,7.573555473,8.14264597,8.13169251,7.862364379,7.981673212,8.016303569,7.73245798,7.751527071,8.469598181,7.995012096,7.66951117,7.776167641,7.613049325,7.610906295,7.404691495,7.148044335,7.076542655,6.722269985
Oman,OMN,CO2 emissions (metric tons per capita),EN.ATM.CO2E.PC,11.07156038,12.21372582,12.83588708,13.28492122,12.78253668,12.34841248,15.1854899,15.90418587,15.01659837,15.15548722,15.47953576,16.49286886,17.30973775,16.73659016,16.48517399,16.43412074,16.10326029,15.41601824,15.65387186,15.28243639
Pakistan,PAK,CO2 emissions (metric tons per capita),EN.ATM.CO2E.PC,0.691074356,0.683936764,0.684254166,0.690167072,0.757349952,0.758995364,0.80769342,0.871590759,0.828201836,0.826887879,0.783727323,0.772880261,0.767887129,0.763669285,0.789739106,0.823008136,0.889401339,0.956344699,0.882587328,0.879965499
Palau,PLW,CO2 emissions (metric tons per capita),EN.ATM.CO2E.PC,10.99246231,11.34605467,11.20048869,11.10438112,11.58048458,13.14193239,12.79099514,12.52674955,11.22514397,10.93493729,11.6965575,11.83231877,12.47519131,12.49786961,12.48226944,11.88791358,14.10994469,14.59935934,13.95790296,13.88811733
Panama,PAN,CO2 emissions (metric tons per capita),EN.ATM.CO2E.PC,1.742382768,2.013178877,1.717899288,1.723248273,1.71593431,2.137995571,2.208349617,2.165811399,2.076102578,2.430700533,2.522860045,2.695280284,2.774068569,2.672439484,2.758047289,2.69623958,2.667774513,2.466662344,2.408503314,3.141454996
Papua New Guinea,PNG,CO2 emissions (metric tons per capita),EN.ATM.CO2E.PC,0.483960059,0.567399438,0.591937078,0.655592497,0.779006515,0.759056846,0.719133232,0.74171961,0.68231992,0.704011101,0.686682408,0.690560024,0.640806964,0.672796447,0.741185071,0.802933312,0.926041651,0.901868436,0.878423813,0.863707514
Paraguay,PRY,CO2 emissions (metric tons per capita),EN.ATM.CO2E.PC,0.661256139,0.665015855,0.683302363,0.699451793,0.69277746,0.635291843,0.667995676,0.620162281,0.710374922,0.741405323,0.80665593,0.824126215,0.806663826,0.814097994,0.853091846,0.952345908,1.059328573,1.173719578,1.217641784,1.165425232
Peru,PER,CO2 emissions (metric tons per capita),EN.ATM.CO2E.PC,1.082012872,0.990324781,1.023210818,0.992246987,1.130891406,1.122868144,1.097428645,1.193306099,1.340577361,1.429878097,1.550244456,1.654916644,1.630811042,1.670921723,1.76701033,1.790242082,1.838580302,1.725909058,1.706509986,1.745591927
Philippines,PHL,CO2 emissions (metric tons per capita),EN.ATM.CO2E.PC,0.92445667,0.884617322,0.879613728,0.88655329,0.887020622,0.888142335,0.790431773,0.818965455,0.826714801,0.825631075,0.871903845,0.86460139,0.886510244,0.965899617,1.013001909,1.087126793,1.176495411,1.269338141,1.299279851,1.345029057
Poland,POL,CO2 emissions (metric tons per capita),EN.ATM.CO2E.PC,7.73080499,7.676987465,7.515492328,7.793047036,7.905511788,7.895886085,8.234912499,8.220760788,8.087182909,7.791547049,8.247028077,8.159838047,7.969647665,7.841704806,7.516889481,7.610089275,7.895688724,8.238615375,8.213615723,7.773641839
Portugal,PRT,CO2 emissions (metric tons per capita),EN.ATM.CO2E.PC,5.99228486,5.923154167,6.295808218,5.78650313,5.92625189,6.233261377,5.74494832,5.577179172,5.38350514,5.327278898,4.817886772,4.723629222,4.585897919,4.452394369,4.415895252,4.812669696,4.722311267,5.177519279,4.813385529,4.339768426
Qatar,QAT,CO2 emissions (metric tons per capita),EN.ATM.CO2E.PC,48.37400227,46.58438114,50.71215469,50.95403383,49.20805129,44.53380584,42.79830768,40.89652419,36.91870848,32.67180019,32.63430234,33.4944129,34.18822184,32.5989398,33.20589511,33.04351032,32.74588827,32.12798967,31.0675333,32.47446876
Romania,ROU,CO2 emissions (metric tons per capita),EN.ATM.CO2E.PC,3.966498018,4.302825279,4.313753256,4.548925394,4.444859154,4.442373285,4.683454099,4.632001472,4.646050196,3.962688135,3.83367893,4.172223886,4.080658872,3.607441144,3.593353578,3.700112058,3.633591827,3.788405676,3.86105157,3.817434477
Russian Federation,RUS,CO2 emissions (metric tons per capita),EN.ATM.CO2E.PC,10.66769032,10.73577044,10.77267705,11.13042089,11.11272164,11.23183738,11.56836194,11.61127902,11.59564597,10.83213407,11.32541814,11.88499702,11.70209407,11.37700677,11.20820257,11.05201007,10.88744577,11.03519747,11.49657125,11.79720293
Rwanda,RWA,CO2 emissions (metric tons per capita),EN.ATM.CO2E.PC,0.068064184,0.068034236,0.066452587,0.064273662,0.064512294,0.062215648,0.060818225,0.062542059,0.05879554,0.060310114,0.059764899,0.066062179,0.071092285,0.074919961,0.077591916,0.086198815,0.099410144,0.099324266,0.104861259,0.105330369
Samoa,WSM,CO2 emissions (metric tons per capita),EN.ATM.CO2E.PC,0.859825513,0.912231889,0.963664202,0.957849019,1.063847644,1.168471269,1.105742135,1.098629476,0.927593178,0.975329619,1.021813006,1.066843067,1.057703002,1.048701723,1.092498145,1.240245954,1.542099372,1.586830344,1.478626161,1.522124134
Sao Tome and Principe,STP,CO2 emissions (metric tons per capita),EN.ATM.CO2E.PC,0.351459259,0.345399282,0.40691759,0.465410061,0.455326015,0.508026812,0.494816783,0.481066996,0.525940578,0.51172128,0.554409784,0.541943743,0.636962946,0.624752688,0.613098843,0.601687721,0.639697646,0.676047635,0.6634065,0.697518721
Saudi Arabia,SAU,CO2 emissions (metric tons per capita),EN.ATM.CO2E.PC,12.08197508,11.98388163,12.48548405,12.68355031,12.96390807,13.23848219,13.69237149,14.08083313,15.05376806,15.26569182,16.26936986,16.40642066,16.89149679,16.74461002,17.48316332,17.81940147,17.29871828,16.4667833,15.46639077,15.28457873
Senegal,SEN,CO2 emissions (metric tons per capita),EN.ATM.CO2E.PC,0.414381656,0.444395643,0.445365248,0.425936778,0.498608417,0.511265752,0.4893575,0.530500422,0.536456559,0.540733711,0.554497627,0.580797008,0.555887582,0.581174786,0.604596606,0.637241954,0.675625481,0.6355649,0.642096144,0.651679184
Serbia,SRB,CO2 emissions (metric tons per capita),EN.ATM.CO2E.PC,5.852577835,5.997254857,6.480338727,6.971374525,7.550423832,6.81246772,7.152331486,6.971408026,6.779387321,6.402299491,6.459632708,7.081738796,6.360537735,6.486480319,5.463794101,6.397117589,6.604969132,6.74276565,6.606418045,6.616046939
Seychelles,SYC,CO2 emissions (metric tons per capita),EN.ATM.CO2E.PC,3.574465987,3.940789636,4.180452134,4.107222715,4.607456747,4.586159396,4.609928909,4.704056142,4.830028829,5.154757132,4.9014147,4.688875887,4.86959681,4.669312465,5.14453966,5.459274778,6.126091694,6.05156332,5.994088416,6.248399634
Sierra Leone,SLE,CO2 emissions (metric tons per capita),EN.ATM.CO2E.PC,0.071980578,0.092552296,0.100689319,0.105747392,0.097534129,0.07970768,0.101213876,0.083477457,0.084778933,0.082898446,0.087286748,0.112749227,0.128117541,0.151515698,0.163884125,0.126883934,0.126895832,0.12552703,0.112416113,0.115189573
Singapore,SGP,CO2 emissions (metric tons per capita),EN.ATM.CO2E.PC,10.45709574,10.15705126,9.887570712,9.273782135,9.508805829,8.650271986,8.445106954,8.34459514,7.939006886,7.785350075,8.353799225,8.636708162,8.22409727,8.132743535,8.117411688,8.207765834,8.221450295,8.755841796,8.406228967,8.307079491
Slovak Republic,SVK,CO2 emissions (metric tons per capita),EN.ATM.CO2E.PC,7.064757493,7.172514212,7.08027204,7.133321044,6.967246738,7.169436843,7.048132949,6.919556134,6.896893753,6.295477884,6.571542883,6.320409762,5.982344127,6.081213422,5.617636524,5.669455793,5.80025256,6.173666031,6.058635474,5.698416255
Slovenia,SVN,CO2 emissions (metric tons per capita),EN.ATM.CO2E.PC,7.310481793,7.720650984,7.781282035,7.721473688,7.861745352,7.958113965,8.117126246,8.066906107,8.588464451,7.604175103,7.70288523,7.647930119,7.349942268,7.063268041,6.357966448,6.367726166,6.731097778,6.833179386,6.784338879,6.512209378
Solomon Islands,SLB,CO2 emissions (metric tons per capita),EN.ATM.CO2E.PC,0.581585548,0.589693572,0.597105395,0.60400525,0.676045531,0.723530496,0.706734354,0.690870158,0.635720317,0.640550355,0.644108967,0.646326454,0.629421677,0.682618921,0.579138418,0.513982824,0.581171989,0.550288499,0.551423307,0.537457043
Somalia,SOM,CO2 emissions (metric tons per capita),EN.ATM.CO2E.PC,0.055228381,0.055514923,0.059991569,0.059090743,0.057254256,0.055519094,0.053883794,0.055956063,0.054399384,0.052058039,0.052308698,0.050903722,0.04954588,0.049756151,0.048422285,0.047110993,0.046525942,0.045239054,0.043975888,0.04468071
South Africa,ZAF,CO2 emissions (metric tons per capita),EN.ATM.CO2E.PC,6.330319712,7.03381727,7.1790564,7.557705904,8.035040258,7.887328758,7.832423319,8.083507514,8.572609815,8.007605605,8.304084027,7.869815906,8.077957969,8.138264312,8.212241156,7.669937662,7.563739495,7.641675086,7.515678605,7.507736092
South Sudan,SSD,CO2 emissions (metric tons per capita),EN.ATM.CO2E.PC,0.074200777,0.082198694,0.100176058,0.108136711,0.131700176,0.120754825,0.126463707,0.140707119,0.141926252,0.141102992,0.137773316,0.130204423,0.140404329,0.14002857,0.144956615,0.18384314,0.1597043,0.139311838,0.141218175,0.153677683
Spain,ESP,CO2 emissions (metric tons per capita),EN.ATM.CO2E.PC,7.230107062,7.216328687,7.548593756,7.553396348,7.817921309,8.029202013,7.698212561,7.842252141,7.056387715,6.200856827,5.866642426,5.87043563,5.756946794,5.208274629,5.184067004,5.51794436,5.314294581,5.654254455,5.492571471,5.09135092
Sri Lanka,LKA,CO2 emissions (metric tons per capita),EN.ATM.CO2E.PC,0.582076331,0.573718096,0.597508967,0.645546016,0.663841663,0.715272864,0.629570172,0.684909284,0.641013344,0.610728505,0.645058173,0.755938089,0.824969419,0.703424802,0.847049783,0.970910854,1.034287615,1.089349031,1.00092296,1.090675627
St. Kitts and Nevis,KNA,CO2 emissions (metric tons per capita),EN.ATM.CO2E.PC,4.310051494,4.708309044,5.092100695,5.027432385,5.181011477,4.695637301,4.859189237,5.233519647,5.189090456,14.40358831,4.896859779,5.663201351,6.816222682,4.570020747,4.529699153,4.687133713,4.648550129,4.612191457,4.767534994,4.731801491
St. Lucia,LCA,CO2 emissions (metric tons per capita),EN.ATM.CO2E.PC,2.488244639,2.655135791,2.6977515,2.803214278,2.780850372,2.692646612,2.902441614,2.863210072,2.882166504,7.954802812,3.044367182,3.361095454,4.245587419,2.873158449,2.860235383,2.791253329,2.832892608,2.928904818,2.913848872,2.95412906
St. Vincent and the Grenadines,VCT,CO2 emissions (metric tons per capita),EN.ATM.CO2E.PC,1.484409066,1.853688376,2.127758029,2.123299091,2.303722816,2.301665485,2.301983389,2.488112451,2.306251787,8.218444273,2.309255496,2.492729638,3.319961399,2.117395826,2.480067703,2.290740826,2.375144934,2.094221807,2.268396697,2.350962452
Sudan,SDN,CO2 emissions (metric tons per capita),EN.ATM.CO2E.PC,0.208615803,0.223445097,0.268596325,0.269173818,0.292246796,0.339262193,0.407430716,0.431388535,0.452196556,0.458208051,0.475321853,0.450357737,0.436539089,0.410546299,0.42446012,0.480940393,0.530272531,0.513556825,0.499024787,0.481626765
Suriname,SUR,CO2 emissions (metric tons per capita),EN.ATM.CO2E.PC,3.142624176,3.189431232,2.322552827,2.520812109,2.815589017,3.383647687,3.027952098,2.758318417,2.823318362,2.771867737,3.288441712,3.643654431,4.508108234,4.184215025,4.735413094,4.864648366,5.222320459,4.382113265,3.836892218,4.558253785
Sweden,SWE,CO2 emissions (metric tons per capita),EN.ATM.CO2E.PC,6.005336499,5.901555313,6.052689599,6.161932315,5.958727462,5.560617833,5.385163218,5.152987026,5.005620235,4.611489154,5.132155515,4.717853416,4.426761612,4.222750051,4.030482516,3.999311639,3.908058712,3.807034265,3.538991742,3.405037919
Switzerland,CHE,CO2 emissions (metric tons per capita),EN.ATM.CO2E.PC,6.084142395,6.244939386,5.980985175,6.109823415,6.127509688,6.165024808,6.077017721,5.766034471,5.878910791,5.639327378,5.777702857,5.205754138,5.317086349,5.381151799,4.859165525,4.719648777,4.737656377,4.578884688,4.40199099,4.359041462
Syrian Arab Republic,SYR,CO2 emissions (metric tons per capita),EN.ATM.CO2E.PC,2.705527631,2.667811008,2.591218285,2.548346582,2.600429127,3.116357851,3.159094769,3.199475612,3.15911159,2.862414613,2.859678544,2.699957327,2.301008788,1.568049344,1.422180088,1.404090869,1.508110224,1.716224159,1.616400069,1.506139442
Tajikistan,TJK,CO2 emissions (metric tons per capita),EN.ATM.CO2E.PC,0.353906622,0.340270095,0.331421531,0.333254361,0.390250273,0.363806796,0.388582894,0.462997899,0.421641055,0.327234384,0.325477725,0.332575202,0.38349995,0.397033077,0.554961272,0.579605995,0.702943087,0.829929708,0.953757415,1.010618692
Tanzania,TZA,CO2 emissions (metric tons per capita),EN.ATM.CO2E.PC,0.088061865,0.091025817,0.101033569,0.10347358,0.1359024,0.147202921,0.152976088,0.145275175,0.145267073,0.137670596,0.155818269,0.179316146,0.209763309,0.222964152,0.214369082,0.227066833,0.21112464,0.216427465,0.213092987,0.21463496
Thailand,THA,CO2 emissions (metric tons per capita),EN.ATM.CO2E.PC,2.612916672,2.725247206,2.875645602,2.973360002,3.233926034,3.328992526,3.341004691,3.39351756,3.420662101,3.294009621,3.488055559,3.459798792,3.695384563,3.825693042,3.752260164,3.841982798,3.79288134,3.739642995,3.702372341,3.836090019
Togo,TGO,CO2 emissions (metric tons per capita),EN.ATM.CO2E.PC,0.257899125,0.233083151,0.257839084,0.343299082,0.325544047,0.311851627,0.27243319,0.253362971,0.258078651,0.451139356,0.409550549,0.382053257,0.330685538,0.251627635,0.222751569,0.249892061,0.306260273,0.268884378,0.292809244,0.293231207
Tonga,TON,CO2 emissions (metric tons per capita),EN.ATM.CO2E.PC,1.020803985,0.913872586,1.00986641,1.204928129,1.297223893,1.288302169,1.474723302,1.267340585,1.257447915,1.347488384,1.154056965,1.06220668,1.070705492,1.179152556,1.088860947,1.190712416,1.483048812,1.764671351,1.550402586,1.531144401
Trinidad and Tobago,TTO,CO2 emissions (metric tons per capita),EN.ATM.CO2E.PC,8.049502864,9.137899714,9.927889936,12.03679739,12.47950794,13.56732808,15.40053638,15.66739272,15.23071679,14.41418595,16.1578858,16.65943228,16.00221329,16.4067872,16.17808289,15.56557092,13.29158773,13.18584454,12.79283075,12.32285487
Tunisia,TUN,CO2 emissions (metric tons per capita),EN.ATM.CO2E.PC,2.13218584,2.202387911,2.199313652,2.161829096,2.243002992,2.272732152,2.34285906,2.401809887,2.424521757,2.402692699,2.587622613,2.452086578,2.562000447,2.542694244,2.707174624,2.726308867,2.619440246,2.620384095,2.584476847,2.557564208
Turkiye,TUR,CO2 emissions (metric tons per capita),EN.ATM.CO2E.PC,3.421874278,3.080901847,3.194548471,3.316114188,3.351692121,3.460795614,3.797151008,4.152950584,4.078325237,4.035674599,4.107871448,4.32606106,4.40556459,4.190557931,4.410763561,4.477175913,4.692471511,5.127196626,5.000359011,4.75658475
Turkmenistan,TKM,CO2 emissions (metric tons per capita),EN.ATM.CO2E.PC,8.527216235,8.571265184,8.982611315,9.955426851,10.49667069,10.64010576,10.79392259,12.00786333,12.01029603,10.46136004,11.63309332,12.649601,13.1000823,13.08518099,13.06179464,13.18890729,12.9521708,12.6995887,12.48525493,12.26335409
Tuvalu,TUV,CO2 emissions (metric tons per capita),EN.ATM.CO2E.PC,1.064735945,1.05507491,1.042426746,1.028383358,1.013068562,1.000300068,0.988337594,0.97856931,0.969461927,0.960338018,0.950479971,0.941087877,0.930752027,0.921743919,0.911327784,0.90098205,0.89031337,0.879894393,0.86918729,0.858000839
Uganda,UGA,CO2 emissions (metric tons per capita),EN.ATM.CO2E.PC,0.054967918,0.053302775,0.0592039,0.060429831,0.060772595,0.072964779,0.083999867,0.097333218,0.097595491,0.106968566,0.102688512,0.111719254,0.109379114,0.103377218,0.111347325,0.123477949,0.12484497,0.125587286,0.137143292,0.132370788
Ukraine,UKR,CO2 emissions (metric tons per capita),EN.ATM.CO2E.PC,6.04719734,6.176226409,6.305486056,6.906706612,6.472697367,6.27128609,6.497208272,6.711338281,6.511279813,5.463665486,5.862560917,6.199174358,6.077860784,5.941351514,5.25113054,4.231515591,4.480868101,3.902198828,4.159783074,3.936583531
United Arab Emirates,ARE,CO2 emissions (metric tons per capita),EN.ATM.CO2E.PC,27.03515911,29.43026994,28.50146173,27.96926982,27.03893822,25.38238104,22.93510429,21.37028576,22.01146924,19.83234887,19.03976975,18.50945738,19.20780112,20.05564757,20.05169797,21.07764197,21.48066861,20.76902233,18.39067806,19.32956328
United Kingdom,GBR,CO2 emissions (metric tons per capita),EN.ATM.CO2E.PC,9.014558285,9.222987414,8.940301425,9.104141448,9.053158584,8.955450044,8.908600278,8.650989769,8.337891639,7.490653988,7.686282334,7.043919991,7.343460282,7.075818333,6.43320778,6.159448333,5.804004752,5.555651514,5.427748177,5.220514488
United States,USA,CO2 emissions (metric tons per capita),EN.ATM.CO2E.PC,20.46980666,20.17153061,19.445549,19.50649945,19.5976305,19.46926248,18.94591375,19.04291352,18.27849449,16.80869862,17.43173849,16.60421817,15.78978264,16.11118443,16.04092103,15.56003496,15.1498852,14.82326087,15.22254765,14.67341061
Uruguay,URY,CO2 emissions (metric tons per capita),EN.ATM.CO2E.PC,1.644710088,1.488510951,1.361977618,1.350919896,1.643842557,1.631646008,1.903528662,1.755832412,2.320205759,2.28977372,1.869452173,2.258880169,2.521474843,2.171452753,1.911517895,1.946065231,1.904128302,1.774986914,1.896042363,1.874784543
Uzbekistan,UZB,CO2 emissions (metric tons per capita),EN.ATM.CO2E.PC,5.02263655,5.035159998,5.139710761,4.768134876,4.826720808,4.554973915,4.808169683,4.562304668,4.720395157,4.196647824,4.419796581,4.384207069,3.799895864,3.698682699,3.409552819,3.168481901,3.304142608,3.381745391,3.412721809,3.47554445
Vanuatu,VUT,CO2 emissions (metric tons per capita),EN.ATM.CO2E.PC,0.486581173,0.475664477,0.412526354,0.45235225,0.342930489,0.334476927,0.326524521,0.501221154,0.445037835,0.564618384,0.550343733,0.535733399,0.480952275,0.428620968,0.606317818,0.516361278,0.646723652,0.595448677,0.71751941,0.70027542
"Venezuela, RB",VEN,CO2 emissions (metric tons per capita),EN.ATM.CO2E.PC,5.436407038,5.509916612,5.607478795,5.313556754,5.37031892,5.575723505,5.494560701,5.225781139,5.467902249,5.443613924,5.770054176,5.540040739,6.169104327,6.058551223,5.966120779,5.422875575,5.060760015,4.789392164,4.574011483,3.939566209
Vietnam,VNM,CO2 emissions (metric tons per capita),EN.ATM.CO2E.PC,0.640842656,0.702480107,0.815606604,0.861465129,1.02392387,1.101837882,1.121162316,1.230865213,1.363466232,1.51896401,1.721200863,1.755008127,1.731811457,1.810416624,1.97211212,2.380847445,2.38913885,2.436029922,2.989137469,3.488312636
"Yemen, Rep.",YEM,CO2 emissions (metric tons per capita),EN.ATM.CO2E.PC,0.863343024,0.89684502,0.872385373,0.984988137,1.004600958,1.049861435,1.059569463,1.093385887,1.106332654,1.180025411,1.098257856,0.963978488,0.858490955,1.106687715,1.062211282,0.511361652,0.399363829,0.359621635,0.341068402,0.380633361
Zambia,ZMB,CO2 emissions (metric tons per capita),EN.ATM.CO2E.PC,0.173772089,0.172088112,0.174995603,0.184778179,0.182673836,0.193147169,0.179077245,0.158362527,0.170447505,0.188420224,0.195502192,0.217496732,0.27860069,0.284057568,0.304549552,0.312354964,0.325114844,0.404067778,0.445489133,0.380717051
Zimbabwe,ZWE,CO2 emissions (metric tons per capita),EN.ATM.CO2E.PC,1.153054813,1.165725392,1.04481292,0.849592242,0.812818036,0.870271087,0.808687685,0.796349864,0.613915535,0.618665464,0.756040796,0.88488553,0.915734944,0.919824123,0.889104126,0.899769991,0.78544084,0.726297071,0.857411269,0.80297852
